id,topwords
0,model generation mining prediction wireless engineering location level computing base
1,algorithm selection heuristic computer networks product machine search recognition structure
2,time solution service prediction location wireless activity detection base algorithm
3,evaluation algorithms wireless service solution engineering generation game feature software
4,application computer product solution sensor service algorithms classification wireless generation
5,optimization algorithms selection wireless search product generation engineering programming level
6,performance computer search education prediction networks feature sensor algorithms power
7,control prediction literature product solution level sensor network base support
8,process mining literature solution engineering research selection service programming recognition
9,framework selection search education wireless generation networks computing activity recognition
10,graph solution neural game power structure learning model detection algorithm
11,support selection education search computer neural wireless machine software health
12,estimation selection neural search generation quality application data software architecture
13,modeling mining solution sensor software structure performance estimation activity framework
14,structure prediction activity network architecture data detection design analysis systems
15,test generation machine programming software computing application impact development data
16,technology product research literature service energy development health graph generation
17,activity research neural mining location feature structure framework application environment
18,design simulation environment product research generation literature algorithms engineering wireless
19,systems multi selection engineering solution literature generation neural location wireless
20,base mapping network use computing sensor programming engineering wireless education
21,quality health game feature literature level selection algorithms service mining
22,energy power location search heuristic generation solution prediction wireless service
23,classification recognition networks learning machine neural prediction wireless mining solution
24,management software cloud development product service research literature education mining
25,impact assessment education selection product computer mining location health networks
26,information system solution service wireless engineering location literature health product
27,identification analysis product selection research prediction neural computer heuristic level
28,detection image computer literature product feature networks algorithms sensor neural
29,data architecture computer product mining service literature search wireless algorithms
